DROP TABLE IF EXISTS `03_dml_insert_mode_table1`;

affected_rows: 0

CREATE TABLE `03_dml_insert_mode_table1` (    `timestamp` timestamp NOT NULL,    `value` double,    timestamp KEY (timestamp)) ENGINE=AnalyticWITH(	 enable_ttl='false',	 update_mode='OVERWRITE');

affected_rows: 0

INSERT INTO `03_dml_insert_mode_table1` (`timestamp`, `value`)    VALUES (1, 10), (2, 20), (3, 30);

affected_rows: 3

SELECT    `value`FROM    `03_dml_insert_mode_table1`ORDER BY    `value` ASC;

value,
Double(10.0),
Double(20.0),
Double(30.0),


INSERT INTO `03_dml_insert_mode_table1` (`timestamp`, `value`)    VALUES (1, 100), (2, 200), (3, 300);

affected_rows: 3

SELECT    `value`FROM    `03_dml_insert_mode_table1`ORDER BY    `value` ASC;

value,
Double(100.0),
Double(200.0),
Double(300.0),


DROP TABLE IF EXISTS `03_dml_insert_mode_table2`;

affected_rows: 0

CREATE TABLE `03_dml_insert_mode_table2` (    `timestamp` timestamp NOT NULL,    `value` double,    timestamp KEY (timestamp)) ENGINE=AnalyticWITH(	 enable_ttl='false',	 update_mode='APPEND');

affected_rows: 0

INSERT INTO `03_dml_insert_mode_table2` (`timestamp`, `value`)    VALUES (1, 10), (2, 20), (3, 30);

affected_rows: 3

SELECT    `value`FROM    `03_dml_insert_mode_table2`ORDER BY    `value` ASC;

value,
Double(10.0),
Double(20.0),
Double(30.0),


INSERT INTO `03_dml_insert_mode_table2` (`timestamp`, `value`)    VALUES (1, 100), (2, 200), (3, 300);

affected_rows: 3

SELECT    `value`FROM    `03_dml_insert_mode_table2`ORDER BY    `value` ASC;

value,
Double(10.0),
Double(20.0),
Double(30.0),
Double(100.0),
Double(200.0),
Double(300.0),


