DROP TABLE IF EXISTS `03_dml_select_order_table1`;

affected_rows: 0

CREATE TABLE `03_dml_select_order_table1` (    `timestamp` timestamp NOT NULL,    `value` int,    timestamp KEY (timestamp)) ENGINE=AnalyticWITH(	 enable_ttl='false');

affected_rows: 0

INSERT INTO `03_dml_select_order_table1`VALUES    (1, 100),    (2, 1000),    (3, 200),    (4, 30000),    (5, 4400),    (6, 400);

Failed to execute query, err: Server(ServerError { code: 500, msg: "Failed to create plan, query: INSERT INTO `03_dml_select_order_table1` VALUES     (1, 100),     (2, 1000),     (3, 200),     (4, 30000),     (5, 4400),     (6, 400);. Caused by: Failed to create plan, err:Column is not null, table:03_dml_select_order_table1, column:timestamp" })

SELECT    `timestamp`,    `value`FROM    `03_dml_select_order_table1`ORDER BY    `value` ASC;

affected_rows: 0

SELECT    `timestamp`,    `value`FROM    `03_dml_select_order_table1`ORDER BY    `value` DESC;

affected_rows: 0

